slug,name,provinceCode,wardCode,addressLine,legacyDistrict,lat,lng,links,sourceUrl,consentStatus,venueType,feeModel,feeNote,amenities,openingHours
boardgame-center,Boardgame Center,01,00008,"Số 4, ngõ 45 phố Kim Mã Thượng",Ba Đình (nay P. Ngọc Hà),,,"{""facebook"": ""https://facebook.com/Boardgamcenter""}",https://www.facebook.com/Boardgamcenter/,public_info_only,boardgame_cafe,,,,
co-play-station,CO-PLAY STATION,01,00166,"Số 1H8, ngõ 130 Xuân Thủy",Cầu Giấy,,,"{""facebook"": ""https://facebook.com/p/Co-Play-Station-61584718590428""}",https://www.instagram.com/p/DTVVONKETxi/,public_info_only,boardgame_cafe,,,,
dna-cafe-box,"DNA Cafe Box, Boardgame and Workshop",01,00235,"Số 11, ngõ 178 Thái Hà",Đống Đa,,,"{""facebook"": ""https://facebook.com/DNACoffeeBBW""}",https://us.trip.com/moments/detail/hanoi-181-123334122/,public_info_only,boardgame_cafe,,,,
fun-board-game-and-drink,Fun Board Game & Drink,01,00166,"Ngõ 158, ngách 1, số 31 Nguyễn Khánh Toàn",Cầu Giấy,,,"{""facebook"": ""https://facebook.com/FunBoardGameAndDrink""}",https://mia.vn/cam-nang-du-lich/cafe-board-game-ha-noi-15458,public_info_only,boardgame_cafe,,,,
gg-club-boardgame,GG Club Boardgame,01,00256,Số 15 phố Bùi Ngọc Dương,Hai Bà Trưng,,,,https://baolaocai.vn/top-7-quan-cafe-board-game-ha-noi-noi-tieng-nhat-thu-do-post448711.html,public_info_only,boardgame_cafe,,,,
gotham-board-game-and-coffee,Gotham Board Game & Coffee,01,00235,Ngõ 106 phố Chùa Láng,Đống Đa,,,,https://baolaocai.vn/top-7-quan-cafe-board-game-ha-noi-noi-tieng-nhat-thu-do-post448711.html,public_info_only,boardgame_cafe,,,,
lofi-sweep-boardgames-and-cafe,Lofi-Sweep Boardgames & Cafe,01,00166,"489 phố Hoàng Quốc Việt, Cổ Nhuế","Cổ Nhuế cũ (Bắc Từ Liêm), tạm gán Cầu Giấy",,,,https://mia.vn/cam-nang-du-lich/cafe-board-game-ha-noi-15458,public_info_only,boardgame_cafe,,,,
look-boardgame-station,Look Boardgame Station,01,00235,Ngõ 157B phố Chùa Láng,Đống Đa,,,,https://baolaocai.vn/top-7-quan-cafe-board-game-ha-noi-noi-tieng-nhat-thu-do-post448711.html,public_info_only,boardgame_cafe,,,,
mazzy-boardgame-museum,Bảo tàng Boardgame Mazzy (Mazzy Board Game Museum),01,00235,"75, ngõ 6 Đặng Văn Ngữ, Trung Tự",Đống Đa,,,,https://www.youtube.com/watch?v=vkd249yT-2I,public_info_only,boardgame_cafe,,,,
mezzico-tea-and-coffee,Mezzico Tea & Coffee,01,00070,"Tầng 2, biệt thự cổ số 25 phố Hàm Long",Hoàn Kiếm,,,,https://mia.vn/cam-nang-du-lich/cafe-board-game-ha-noi-15458,public_info_only,boardgame_cafe,,,,
minipolo,Minipolo Board Game Cafe,01,00235,"Số 4 dãy F5, ngõ 171 Thái Hà",Đống Đa,,,"{""facebook"": ""https://facebook.com/Minipolo.boardgame""}",https://mia.vn/cam-nang-du-lich/cafe-board-game-ha-noi-15458,public_info_only,boardgame_cafe,,,,
mobius-space,Mobius Space - Cafe & Boardgame,01,00235,137 phố Nguyễn Chí Thanh,Đống Đa,,,,https://vinwonders.com/vi/wonderpedia/news/cafe-board-game-ha-noi/,public_info_only,boardgame_cafe,,,,
neverland-dong-da,Neverland Boardgame Market Đống Đa,01,00235,"29, ngách 31, ngõ 167 Tây Sơn (Complex 01)",Đống Đa,,,"{""facebook"": ""https://facebook.com/Neverlandboardgamemarket""}",https://mia.vn/cam-nang-du-lich/kham-pha-to-hop-giai-tri-complex-01-gay-sot-gioi-tre-ha-thanh-2832,public_info_only,boardgame_cafe,,,,
nona-chua-boc,The Cozy Village - Nona Boardgame (Chùa Bộc),01,00235,"Đối diện số 112, ngõ 95 Chùa Bộc",Đống Đa,,,"{""facebook"": ""https://www.tiktok.com/@nonacafeboardgame""}",https://www.tiktok.com/@nonacafeboardgame/video/7476708955046153480,public_info_only,boardgame_cafe,,,,
nona-ha-dong,The Cozy Village - Nona Boardgame (Hà Đông),01,09556,"214 La Casta, Văn Phú",Hà Đông,,,"{""facebook"": ""https://www.tiktok.com/@nonacafeboardgame""}",https://www.tiktok.com/@nonacafeboardgame/video/7476708955046153480,public_info_only,boardgame_cafe,,,,
nona-hoang-ngan,The Cozy Village - Nona Boardgame (Hoàng Ngân),01,00166,"Số 42, ngõ 114 Hoàng Ngân",Cầu Giấy,,,"{""facebook"": ""https://www.tiktok.com/@nonacafeboardgame""}",https://www.tiktok.com/@nonacafeboardgame/video/7476708955046153480,public_info_only,boardgame_cafe,,,,
pi-coffee-linh-quang,Pi Coffee BoardGame (Linh Quang),01,00235,"Số 94, ngách 51 Linh Quang",Đống Đa,,,"{""facebook"": ""https://facebook.com/p/PI-Coffee-BoardGame-100090455926976""}",https://p-i-coffee-boardgame-1.wheree.com/,public_info_only,boardgame_cafe,,,,
pi-coffee-thai-ha,"Pi Coffee BoardGame (Thái Hà, cơ sở 2)",01,00235,"Tầng 8+9, số 15 ngõ 41 Thái Hà",Đống Đa,,,"{""facebook"": ""https://www.instagram.com/pi.coffee.boardgame/""}",https://www.instagram.com/pi.coffee.boardgame/,public_info_only,boardgame_cafe,,,,
the-cube-cafe,The Cube Cafe,01,00103,Số 168A phố Trấn Vũ,Tây Hồ,,,,https://baolaocai.vn/top-7-quan-cafe-board-game-ha-noi-noi-tieng-nhat-thu-do-post448711.html,public_info_only,boardgame_cafe,,,,
the-dice-cafe,The Dice Cafe & Board Game,01,00004,"Số 14, ngõ 612 Đê La Thành",Ba Đình,,,,https://mia.vn/cam-nang-du-lich/cafe-board-game-ha-noi-15458,public_info_only,boardgame_cafe,,,,
the-keep-kim-ma,The Keep Cafe Working Space & BoardGame,01,00008,"1C, ngõ 76 Kim Mã Thượng",Ba Đình (nay P. Ngọc Hà),,,"{""facebook"": ""https://facebook.com/thekeepboardgame""}",https://www.facebook.com/thekeepboardgame/,public_info_only,boardgame_cafe,,,,
the-keep-yen-hoa,The Keep Cafe & Board Game (Yên Hòa),01,00175,26 Nguyễn Bá Khoản,Cầu Giấy (nay P. Yên Hòa),,,"{""facebook"": ""https://facebook.com/thekeepboardgame""}",https://www.facebook.com/thekeepboardgame/,public_info_only,boardgame_cafe,,,,
the-nest,The Nest - Board Game Cafe,01,00070,Số 4A phố Tràng Thi,Hoàn Kiếm,,,,https://baolaocai.vn/top-7-quan-cafe-board-game-ha-noi-noi-tieng-nhat-thu-do-post448711.html,public_info_only,boardgame_cafe,,,,
the-root-ngoc-ha,The Root Boardgame Cafe Ngọc Hà,01,00008,62 phố Ngọc Hà,Ba Đình (nay P. Ngọc Hà),,,"{""facebook"": ""https://facebook.com/therootboardgamecafe""}",https://www.tripadvisor.com/Restaurant_Review-g293924-d28010678,public_info_only,boardgame_cafe,,,,
the-root-tran-xuan-soan,The Root Boardgame Cafe,01,00256,72 phố Trần Xuân Soạn,Hai Bà Trưng,,,"{""facebook"": ""https://facebook.com/therootboardgamecafe""}",https://www.facebook.com/therootboardgamecafe/,public_info_only,boardgame_cafe,,,,
