slug,name,provinceCode,wardCode,addressLine,legacyDistrict,lat,lng,links,sourceUrl,consentStatus
1988s-coffee-more,1988s Coffee & More,79,27043,"128 Phan Xích Long, Quận Phú Nhuận",Phú Nhuận,,,,https://mia.vn/cam-nang-du-lich/quan-cafe-board-game-sai-gon-15469,public_info_only
arcadia-boardgame-cafe,Arcadia Boardgame Cafe,79,27022,"4 Nguyễn Văn Vịnh, Tân Thới Hòa, Quận Tân Phú",Tân Phú,,,,https://www.greensm.com/news/quan-cafe-board-game-tphcm,public_info_only
blitz-coffee,Blitz Coffee,79,26842,"1 Lý Thái Tổ, Hiệp Phú, Quận 9",Quận 9 (Thủ Đức),,,,https://www.greensm.com/news/quan-cafe-board-game-tphcm,public_info_only
board-game-station,Board Game Station,79,26758,"30 Cô Bắc, Phường Cầu Ông Lãnh, Quận 1",Quận 1,,,,https://www.greensm.com/news/quan-cafe-board-game-tphcm,public_info_only
boardgame-era-cafe,Boardgame Era Cafe,79,27154,"13, số 7 Cư xá Đô Thành, Quận 3",Quận 3,,,,https://mia.vn/cam-nang-du-lich/quan-cafe-board-game-sai-gon-15469,public_info_only
button-boardgames-coffee,Button Boardgames Coffee,79,27073,"48/60 Hồ Biểu Chánh, Phường 11, Phú Nhuận",Phú Nhuận,,,,https://www.greensm.com/news/quan-cafe-board-game-tphcm,public_info_only
cashflow-boardgame-cafe,CashFlow Boardgame Cafe,79,27169,"Hẻm 7A/19 Thành Thái, Phường 14, Quận 10",Quận 10,,,,https://www.greensm.com/news/quan-cafe-board-game-tphcm,public_info_only
chus-coffee,Chus Coffee,79,27232,"357/2 Cách Mạng Tháng 8, Phường 12, Quận 10",Quận 10,,,,https://www.greensm.com/news/quan-cafe-board-game-tphcm,public_info_only
cotta,Cotta,79,26824,"44 Đường số 4, Linh Chiểu, Thủ Đức",Thủ Đức,,,,https://www.greensm.com/news/quan-cafe-board-game-tphcm,public_info_only
d20-boardgame-cafe,d20 Boardgame Cafe,79,27073,"34 Trương Quốc Dung, Quận Phú Nhuận",Phú Nhuận,,,,https://mia.vn/cam-nang-du-lich/quan-cafe-board-game-sai-gon-15469,public_info_only
greenway-coffee-tea,Greenway Coffee & Tea,79,27487,"B68 đường số 3, Khu dân cư Kim Sơn, Quận 7",Quận 7,,,,https://mia.vn/cam-nang-du-lich/quan-cafe-board-game-sai-gon-15469,public_info_only
lac-tra-coffee-tea,Lạc Trà Coffee Tea,79,27487,"316 Nguyễn Thị Thập, Quận 7",Quận 7,,,,https://mia.vn/cam-nang-du-lich/quan-cafe-board-game-sai-gon-15469,public_info_only
tabletop-boardgame-coffee,Tabletop - Boardgame & Coffee,79,27139,"77/17 Huỳnh Tịnh Của, Quận 3",Quận 3,,,,https://www.greensm.com/news/quan-cafe-board-game-tphcm,public_info_only
the-guild-boardgame-cafe,The Guild - Boardgame Cafe,79,27154,"429 Hòa Hảo, Phường 5, Quận 10",Quận 10,,,,https://mia.vn/cam-nang-du-lich/quan-cafe-board-game-sai-gon-15469,public_info_only
the-prow-coffee,The Prow Coffee,79,26758,"148 Lê Thị Riêng, Quận 1",Quận 1,,,,https://mia.vn/cam-nang-du-lich/quan-cafe-board-game-sai-gon-15469,public_info_only
