code,name,slug
01,Thành phố Hà Nội,ha-noi
04,Tỉnh Cao Bằng,cao-bang
08,Tỉnh Tuyên Quang,tuyen-quang
11,Tỉnh Điện Biên,dien-bien
12,Tỉnh Lai Châu,lai-chau
14,Tỉnh Sơn La,son-la
15,Tỉnh Lào Cai,lao-cai
19,Tỉnh Thái Nguyên,thai-nguyen
20,Tỉnh Lạng Sơn,lang-son
22,Thành phố Quảng Ninh,quang-ninh
24,Thành phố Bắc Ninh,bac-ninh
25,Tỉnh Phú Thọ,phu-tho
31,Thành phố Hải Phòng,hai-phong
33,Tỉnh Hưng Yên,hung-yen
37,Tỉnh Ninh Bình,ninh-binh
38,Tỉnh Thanh Hoá,thanh-hoa
40,Tỉnh Nghệ An,nghe-an
42,Tỉnh Hà Tĩnh,ha-tinh
44,Tỉnh Quảng Trị,quang-tri
46,Thành phố Huế,hue
48,Thành phố Đà Nẵng,da-nang
51,Tỉnh Quảng Ngãi,quang-ngai
52,Tỉnh Gia Lai,gia-lai
56,Tỉnh Khánh Hoà,khanh-hoa
66,Tỉnh Đắk Lắk,dak-lak
68,Tỉnh Lâm Đồng,lam-dong
75,Thành phố Đồng Nai,dong-nai
79,Thành phố Hồ Chí Minh,ho-chi-minh
80,Tỉnh Tây Ninh,tay-ninh
82,Tỉnh Đồng Tháp,dong-thap
86,Tỉnh Vĩnh Long,vinh-long
91,Tỉnh An Giang,an-giang
92,Thành phố Cần Thơ,can-tho
96,Tỉnh Cà Mau,ca-mau
