name,nameVi,kind,bggId
Abstract Strategy,Chiến thuật trừu tượng,category,
Adventure,Phiêu lưu,category,
Bluffing Game,Trò chơi lừa bịp,category,
Card Game,Trò chơi bài,category,
Children's Game,Trò chơi trẻ em,category,
City Building,Xây dựng thành phố,category,
Cooperative Game,Trò chơi hợp tác,category,
Deck Building,Xây dựng bộ bài,category,
Dice Game,Trò chơi xúc xắc,category,
Economic Game,Trò chơi kinh tế,category,
Family Game,Trò chơi gia đình,category,
Fantasy,Giả tưởng,category,
Horror,Kinh dị,category,
Party Game,Trò chơi tiệc tùng,category,
Social Deduction,Suy luận xã hội,category,
Strategy Game,Trò chơi chiến thuật,category,
Traditional Game,Trò chơi truyền thống,category,
Trivia,Đố vui,category,
Wargame,Trò chơi chiến tranh,category,
Word Game,Trò chơi từ vựng,category,
