slug,nameVi,nameEn,minPlayers,maxPlayers,playMinutes,weight,minAge,isVietnamese,bggId,categories,videoUrls
7-wonders,,7 Wonders,2,7,30,,10,false,68448,Strategy Game;Card Game,
7-wonders-architects,,7 Wonders Architects,2,7,25,,8,false,346703,Family Game;Strategy Game,
7-wonders-duel,,7 Wonders Duel,,,30,,10,false,173346,,
abalone,,Abalone,2,2,,,,false,526,Abstract Strategy,
aggravation,,Aggravation,,,,,,false,2272,,
agricola,,Agricola,1,4,,,12,false,31260,Strategy Game;Economic Game,
alhambra,,Alhambra,2,6,,,,false,6249,Family Game;Strategy Game,
arkham-horror,,Arkham Horror,1,6,,,,false,257499,Cooperative Game;Horror;Adventure,
ascension,,Ascension,,,,,,false,69789,Deck Building;Card Game,
avalon,,Avalon,5,10,30,,16,false,128882,Social Deduction;Bluffing Game;Party Game,
azul,,Azul,2,4,,,,false,230802,Family Game;Strategy Game;Abstract Strategy,
backgammon,Cờ Thoa,Backgammon,2,2,,,5,false,2397,Abstract Strategy;Traditional Game,
bang,,Bang!,4,7,20,,8,false,3955,,
bang-the-bullet,,Bang! The Bullet!,3,8,20,,8,false,30933,Bluffing Game;Card Game,
bang-the-dice-game,,Bang! The Dice Game,3,8,15,,8,false,143741,Bluffing Game;Dice Game,
bao,,Bao,2,2,,,,false,14186,,
battleship,,Battleship,2,2,,,,false,2425,Family Game;Abstract Strategy,
betrayal-at-house-on-the-hill,,Betrayal at House on the Hill,3,6,,,,false,10547,Horror;Cooperative Game;Adventure,
blokus,,Blokus,2,4,30,,7,false,2453,Family Game;Abstract Strategy,
boggle,,Boggle,2,8,3,,,false,1293,Word Game;Family Game,
bohnanza,,Bohnanza,2,7,45,,12,false,11,Family Game;Card Game,
brass-birmingham,,Brass: Birmingham,2,4,60,,14,false,224517,Strategy Game;Economic Game,
brass-lancashire,,Brass: Lancashire,2,4,60,,14,false,28720,Strategy Game;Economic Game,
bridge,,Bridge,4,4,,,,false,2181,,
bunny-kingdom,,Bunny Kingdom,2,4,,,12,false,184921,Strategy Game;Family Game,
calico,,Calico,1,4,,,,false,283155,,
carcassonne,,Carcassonne,2,4,30,,8,false,12902,Family Game;Strategy Game,
carcassonne-hunters-and-gatherers,,Carcassonne: Hunters and Gatherers,2,5,,,8,false,4390,Family Game;Strategy Game,
cards-against-humanity,,Cards Against Humanity,3,,,,,false,50381,Party Game;Card Game,
carrom,,Carrom,,,,,,false,5072,,
cartographers,,Cartographers,1,100,30,,10,false,263918,,
cascadia,,Cascadia,1,4,,,10,false,295947,,
cash-n-guns,,Cash 'n Guns,4,8,30,,10,false,19237,Bluffing Game;Party Game,
catan,,Catan,3,4,75,,10,false,13,Strategy Game;Economic Game,
checkers,Cờ Đam,Checkers,2,,30,,6,false,2083,Abstract Strategy;Traditional Game,
chess,Cờ Vua,Chess,2,2,,,,false,171,Abstract Strategy;Traditional Game,
chinese-checkers,,Chinese Checkers,2,6,15,,6,false,2386,Abstract Strategy;Traditional Game,
chronicles-of-crime,,Chronicles of Crime,1,4,60,,12,false,239188,Cooperative Game;Adventure,
citadels,,Citadels,2,8,,,,false,478,Strategy Game;Card Game,
clank,,Clank!,2,4,,,12,false,201808,Adventure;Deck Building;Fantasy,
clue,,Clue,,,,,,false,1484,Family Game,
cockroach-poker,,Cockroach Poker,2,6,25,,8,false,11971,Bluffing Game;Card Game,
codenames,,Codenames,4,8,15,,12,false,178900,Party Game;Word Game,
coloretto,,Coloretto,2,5,30,,8,false,5782,Family Game;Card Game,
colt-express,,Colt Express,2,6,40,,10,false,158899,Family Game;Strategy Game,
concept,,Concept,4,12,40,,10,false,147151,Party Game,
coup,,Coup,2,6,,,,false,2088,Bluffing Game;Card Game,
cribbage,,Cribbage,,,,,,false,2398,,
dead-of-winter,,Dead of Winter,2,5,,,,false,150376,Cooperative Game;Social Deduction;Horror,
decrypto,,Decrypto,3,8,,,,false,225694,Party Game;Word Game,
diamant,,Diamant,3,8,30,,8,false,15512,Family Game;Party Game,
diplomacy,,Diplomacy,2,7,,,,false,483,Strategy Game;Wargame,
dixit,,Dixit,,,,,,false,92828,Party Game;Family Game,
dobble,,Dobble,2,8,,,7,false,63268,Party Game;Children's Game,
dominant-species,,Dominant Species,2,6,120,,14,false,62219,Strategy Game,
dominion,,Dominion,2,4,,,,false,36218,Strategy Game;Deck Building,
dorfromantik,,Dorfromantik,1,6,30,,8,false,370591,,
draftosaurus,,Draftosaurus,2,5,15,,8,false,264055,Family Game;Children's Game,
el-grande,,El Grande,2,5,,,,false,93,Strategy Game,
eldritch-horror,,Eldritch Horror,1,8,180,,14,false,146021,Cooperative Game;Horror;Adventure,
exploding-kittens,Mèo Nổ,Exploding Kittens,2,5,,,7,false,172225,Party Game;Card Game,
farkle,,Farkle,2,6,,,,false,4282,,
flamme-rouge,,Flamme Rouge,2,4,30,,8,false,199478,Family Game;Strategy Game,
for-sale,,For Sale,3,6,20,,10,false,172,Family Game;Economic Game,
forbidden-desert,,Forbidden Desert,2,5,45,,10,false,136063,Cooperative Game;Family Game,
forbidden-island,,Forbidden Island,2,4,30,,10,false,65244,Cooperative Game;Family Game,
fuji-flush,,Fuji Flush,3,8,10,,7,false,203430,,
get-bit,,Get Bit!,2,6,15,,8,false,30539,Family Game;Children's Game,
gloomhaven,,Gloomhaven,1,4,60,,14,false,174430,Cooperative Game;Adventure;Fantasy,
go,Cờ Vây,Go,,2,,,,false,188,Abstract Strategy;Traditional Game,
great-western-trail,,Great Western Trail,2,4,120,,12,false,193738,Strategy Game;Economic Game,
guess-who,,Guess Who?,2,2,,,,false,4143,Children's Game;Family Game,
halli-galli,,Halli Galli,2,6,,,,false,2944,,
hanabi,,Hanabi,2,5,,,,false,98778,Cooperative Game;Card Game,
hearts,,Hearts,,,,,,false,6887,,
hive,,Hive,1,2,,,,false,3249,Abstract Strategy,
ingenious,,Ingenious,,,,,,false,9674,Abstract Strategy;Family Game,
jaipur,,Jaipur,2,2,30,,12,false,54043,Card Game;Economic Game,
just-one,,Just One,3,7,30,,8,false,254640,Party Game;Word Game;Cooperative Game,
kalah,,Kalah,,,,,,false,2448,Abstract Strategy;Traditional Game,
karuba,,Karuba,2,6,15,,8,false,183251,Family Game;Strategy Game,
king-of-new-york,,King of New York,2,6,40,,10,false,160499,Family Game;Card Game,
king-of-tokyo,,King of Tokyo,2,6,,,8,false,70323,Family Game;Card Game,
kingdomino,,Kingdomino,2,4,,,8,false,204583,,
liars-dice,,Liar's Dice,2,6,,,,false,45,Bluffing Game;Dice Game,
ligretto,,Ligretto,2,4,15,,8,false,943,,
lost-cities,,Lost Cities,2,2,,,,false,50,Card Game;Family Game,
love-letter,,Love Letter,2,4,,,,false,129622,Card Game;Bluffing Game,
ludo,,Ludo,2,4,,,,false,2136,Children's Game;Traditional Game,
machi-koro,,Machi Koro,2,4,,,10,false,143884,Family Game;Economic Game,
mahjong,Mạt Chược,Mahjong,,,,,,false,2093,Traditional Game,
marrakesh,,Marrakesh,2,4,,,,false,342810,Family Game;Economic Game,
monopoly,Cờ Tỷ Phú,Monopoly,2,8,,,,false,1406,Family Game;Economic Game,
monopoly-deal,,Monopoly Deal,2,5,20,,8,false,40398,Family Game;Card Game,
munchkin,,Munchkin,3,6,45,,10,false,4095,Card Game;Fantasy,
mysterium,,Mysterium,2,7,,,,false,181304,Cooperative Game;Party Game,
nertz,,Nertz,,,,,,false,7263,,
nine-mens-morris,,Nine Men's Morris,2,2,,,,false,3886,Abstract Strategy;Traditional Game,
onitama,,Onitama,2,2,,,,false,160477,Abstract Strategy,
othello,Cờ Othello,Othello,2,2,,,,false,2389,Abstract Strategy;Traditional Game,
pandemic,,Pandemic,2,4,,,8,false,30549,Cooperative Game;Strategy Game,
pandemic-legacy-season-1,,Pandemic Legacy: Season 1,2,4,60,,13,false,161936,Cooperative Game;Strategy Game,
pandemic-legacy-season-2,,Pandemic: Legacy Season 2,2,4,60,,13,false,221107,Cooperative Game;Strategy Game,
patchwork,,Patchwork,2,2,,,8,false,163412,Family Game;Abstract Strategy,
phase-10,,Phase 10,2,6,,,,false,1258,,
photosynthesis,,Photosynthesis,2,4,60,,10,false,218603,Family Game;Strategy Game,
pictionary,,Pictionary,3,16,,,,false,2281,Party Game,
point-salad,,Point Salad,2,6,,,,false,274960,,
poker,,Poker,,,,,,false,1115,,
power-grid,,Power Grid,2,6,120,,12,false,2651,Strategy Game;Economic Game,
puerto-rico,,Puerto Rico,3,5,90,,12,false,3076,Strategy Game;Economic Game,
qwirkle,,Qwirkle,2,4,30,,6,false,39813,Family Game;Abstract Strategy,
race-for-the-galaxy,,Race for the Galaxy,2,4,40,,12,false,28143,Strategy Game;Card Game,
rat-a-tat-cat,,Rat-a-Tat Cat,2,6,,,,false,3837,,
risk,,Risk,2,6,120,,10,false,181,Strategy Game;Wargame,
root,,Root,2,4,,,10,false,237182,Strategy Game;Wargame,
rummikub,,Rummikub,2,4,40,,7,false,811,Family Game;Abstract Strategy,
saboteur,,Saboteur,1,2,,,8,false,168215,Card Game;Bluffing Game,
sagrada,,Sagrada,1,4,40,,10,false,199561,Family Game;Strategy Game,
santorini,,Santorini,2,4,20,,8,false,9963,Abstract Strategy;Strategy Game,
scrabble,,Scrabble,2,2,,,,false,320,Family Game;Word Game,
scythe,,Scythe,1,5,115,,14,false,169786,Strategy Game;Wargame,
sea-salt-and-paper,,Sea Salt & Paper,2,4,,,8,false,367220,,
secret-hitler,,Secret Hitler,5,10,,,,false,188834,Social Deduction;Bluffing Game;Party Game,
sequence,,Sequence,2,12,30,,7,false,2375,Family Game;Abstract Strategy,
set,,Set,1,8,,,6,false,1198,,
shadows-over-camelot,,Shadows Over Camelot,3,7,90,,10,false,15062,Cooperative Game;Social Deduction,
sheriff-of-nottingham,,Sheriff of Nottingham,3,5,60,,14,false,157969,Family Game;Bluffing Game,
shogi,,Shogi,2,2,,,,false,2065,,
skip-bo,,Skip-Bo,2,6,,,,false,1269,,
skull,,Skull,3,6,30,,10,false,92415,Bluffing Game;Party Game,
small-world,,Small World,2,5,,,,false,40692,Strategy Game;Fantasy,
snakes-and-ladders,,Snakes and Ladders,2,,,,,false,5432,Children's Game;Traditional Game,
sorry,,Sorry!,2,4,,,,false,2407,Family Game;Children's Game,
splendor,,Splendor,2,4,30,,10,false,148228,Family Game;Strategy Game;Economic Game,
spyfall,,Spyfall,3,8,,,,false,166384,Party Game;Social Deduction,
star-realms,,Star Realms,2,2,,,,false,147020,Deck Building;Card Game,
sushi-go,,Sushi Go!,2,5,15,,8,false,133473,Family Game;Card Game,
sushi-go-party,,Sushi Go Party!,2,8,,,,false,192291,Family Game;Card Game,
t-i-m-e-stories,,T.I.M.E Stories,2,4,90,,12,false,146508,Cooperative Game;Adventure,
taboo,,Taboo,4,99,30,,16,false,1111,Party Game;Word Game,
telestrations,,Telestrations,4,8,30,,8,false,46213,Party Game,
terraforming-mars,,Terraforming Mars,1,4,,,,false,328871,Strategy Game;Economic Game,
thats-pretty-clever,,That's Pretty Clever,1,4,,,,false,244522,,
the-crew,,The Crew,2,5,20,,10,false,284083,Cooperative Game;Card Game,
the-grizzled,,The Grizzled,2,5,,,,false,171668,Cooperative Game;Card Game,
the-mind,,The Mind,2,4,15,,8,false,244992,Cooperative Game;Party Game,
the-resistance,,The Resistance,5,10,,,,false,41114,Social Deduction;Bluffing Game;Party Game,
the-werewolves-of-millers-hollow,Ma Sói,The Werewolves of Miller's Hollow,8,18,,,10,false,25821,Social Deduction;Bluffing Game;Party Game,
through-the-ages,,Through the Ages,2,4,,,,false,25613,Strategy Game;Economic Game,
ticket-to-ride,,Ticket to Ride,2,5,30,,8,false,9209,Family Game;Strategy Game,
ticket-to-ride-europe,,Ticket to Ride: Europe,2,5,60,,8,false,14996,Family Game;Strategy Game,
ticket-to-ride-nordic-countries,,Ticket to Ride: Nordic Countries,2,3,30,,8,false,31627,Family Game;Strategy Game,
tigris-and-euphrates,,Tigris and Euphrates,2,4,,,,false,42,,
tokaido,,Tokaido,2,5,,,,false,123540,Family Game;Strategy Game,
trivial-pursuit,,Trivial Pursuit,2,6,,,,false,2952,Family Game;Trivia,
trouble,,Trouble,,,,,,false,1410,Children's Game;Family Game,
tsuro,,Tsuro,2,8,,,,false,16992,Family Game;Abstract Strategy,
twilight-imperium,,Twilight Imperium,,8,,,,false,24,Strategy Game;Wargame,
uno,Uno,Uno,2,10,,,7,false,2223,Family Game;Card Game,
viticulture,,Viticulture,2,6,,,,false,128621,Strategy Game;Economic Game,
wavelength,,Wavelength,2,10,30,,14,false,262543,Party Game,
welcome-to,,Welcome To...,1,6,25,,10,false,339789,,
werewolf,Ma Sói,Werewolf,,,,,,false,925,Social Deduction;Bluffing Game;Party Game,
werewolf-ultimate-edition,,Werewolf: Ultimate Edition,,,,,,false,38159,,
werewords,,Werewords,,,,,,false,219215,Party Game;Social Deduction,
wingspan,,Wingspan,1,2,40,,10,false,266192,Strategy Game;Family Game,
xiangqi,Cờ Tướng,Xiangqi,2,2,,,,false,2393,,
yahtzee,,Yahtzee,2,,,,,false,2243,Family Game;Dice Game,
zombicide,,Zombicide,1,6,60,,13,false,113924,Cooperative Game;Horror;Adventure,
